{
  "best_f1": 0.21276595335445908,
  "best_threshold": 0.1,
  "shd_best": 37,
  "auc_f1": 0.10874198358455658,
  "topk_f1": 0.1538461487278108,
  "topk_shd": 22,
  "topk_k": 13,
  "shd_03": 14,
  "a_max": 0.5363519191741943,
  "a_mean": 0.07917092740535736,
  "edges_above_03": 3,
  "edges_above_01": 34
}