{
  "best_f1": 0.15476190331561793,
  "best_threshold": 0.05,
  "shd_best": 142,
  "auc_f1": 0.03972144323868317,
  "topk_f1": 0.1538461487278108,
  "topk_shd": 22,
  "topk_k": 13,
  "shd_03": 13,
  "a_max": 0.17744584381580353,
  "a_mean": 0.10067014396190643,
  "edges_above_03": 0,
  "edges_above_01": 89
}