{
  "config": {
    "epochs": 100,
    "batch_size": 8,
    "learning_rate_init": 0.0001,
    "learning_rate_max": 0.0005,
    "weight_decay": 0.0001,
    "warmup_epochs": 1,
    "grad_clip_norm": 1.0,
    "scheduler_type": "cosine",
    "device": "cpu",
    "seed": 1337,
    "lambda_recon": 10.0,
    "lambda_sparse": 1e-05,
    "lambda_acyclic": 3e-06,
    "lambda_disen": 1e-05,
    "target_sparsity": 0.1,
    "use_bce_with_logits": true,
    "auto_tune_threshold": true,
    "threshold_grid": [
      0.0,
      0.05,
      0.1,
      0.15000000000000002,
      0.2,
      0.25,
      0.30000000000000004,
      0.35000000000000003,
      0.4,
      0.45,
      0.5,
      0.55,
      0.6000000000000001,
      0.65,
      0.7000000000000001,
      0.75,
      0.8,
      0.8500000000000001,
      0.9,
      0.9500000000000001,
      1.0
    ],
    "patience": 15,
    "eval_frequency": 2,
    "verbose": true,
    "log_edge_logits": true,
    "no_timeout": true
  },
  "epochs": [
    {
      "epoch": 1,
      "train_loss": 2.5709124719217296,
      "train_loss_components": {
        "recon": 0.25709115837260343,
        "sparse": 0.05693430453088436,
        "acyclic": 0.00035184260926054826,
        "disen": 0.03519190444713492
      },
      "train_loss_pct": {
        "recon": 73.54513814363322,
        "sparse": 16.28699064697894,
        "acyclic": 0.10065034311829862,
        "disen": 10.067220866269533
      },
      "edge_logit_stats": {
        "mean": 0.4115755558013916,
        "std": 0.0636943131685257,
        "pct_positive": 100.0
      },
      "val_f1": 0.0,
      "val_shd": 1000000000.0,
      "edge_count_tuned": 0,
      "edge_count_05": 0,
      "edge_count_topk": 0,
      "grad_clip_ratio": 0.9987908101571947,
      "learning_rate": 0.0005000000000000001,
      "best_threshold": 0.5,
      "epoch_time": 2.9828901290893555
    },
    {
      "epoch": 2,
      "train_loss": 0.11870742757706718,
      "train_loss_components": {
        "recon": 0.0118706272461732,
        "sparse": 0.051297240013294956,
        "acyclic": 0.00019646924512152264,
        "disen": 0.06421530989540387
      },
      "train_loss_pct": {
        "recon": 9.304483576444369,
        "sparse": 40.20801237563044,
        "acyclic": 0.15399732689769594,
        "disen": 50.3335067210275
      },
      "edge_logit_stats": {
        "mean": 0.16785649955272675,
        "std": 0.06013219431042671,
        "pct_positive": 100.0
      },
      "val_f1": 0.28571428571428575,
      "val_shd": 20.0,
      "edge_count_tuned": 15,
      "edge_count_05": 15,
      "edge_count_topk": 15,
      "grad_clip_ratio": 0.6844014510278114,
      "learning_rate": 0.000499874135595795,
      "best_threshold": 0.0,
      "epoch_time": 17.025946378707886
    },
    {
      "epoch": 3,
      "train_loss": 0.023128705503511385,
      "train_loss_components": {
        "recon": 0.0023127513635845037,
        "sparse": 0.04818017217257435,
        "acyclic": 0.0001740550374222425,
        "disen": 0.07097562790781872
      },
      "train_loss_pct": {
        "recon": 1.9012675167710607,
        "sparse": 39.60797418455638,
        "acyclic": 0.14308723107545132,
        "disen": 58.3476710675971
      },
      "edge_logit_stats": {
        "mean": 0.03561972826719284,
        "std": 0.01963403820991516,
        "pct_positive": 100.0
      },
      "val_f1": 0.0,
      "val_shd": 1000000000.0,
      "edge_count_tuned": 0,
      "edge_count_05": 0,
      "edge_count_topk": 0,
      "grad_clip_ratio": 0.08222490931076179,
      "learning_rate": 0.000499496669117969,
      "best_threshold": 0.0,
      "epoch_time": 3.2409756183624268
    },
    {
      "epoch": 4,
      "train_loss": 0.01183765171829976,
      "train_loss_components": {
        "recon": 0.001183645020885463,
        "sparse": 0.04741332625031039,
        "acyclic": 0.00014939114334729125,
        "disen": 0.07269803430105784
      },
      "train_loss_pct": {
        "recon": 0.9746394670289549,
        "sparse": 39.04118059999353,
        "acyclic": 0.12301196875895072,
        "disen": 59.86116796421857
      },
      "edge_logit_stats": {
        "mean": 0.003212956478819251,
        "std": 0.0026570954360067844,
        "pct_positive": 100.0
      },
      "val_f1": 0.14285714285714288,
      "val_shd": 22.0,
      "edge_count_tuned": 15,
      "edge_count_05": 15,
      "edge_count_topk": 15,
      "grad_clip_ratio": 0.008464328899637243,
      "learning_rate": 0.0004988679806432683,
      "best_threshold": 0.0,
      "epoch_time": 15.377801418304443
    },
    {
      "epoch": 5,
      "train_loss": 0.008262033938028216,
      "train_loss_components": {
        "recon": 0.0008260837132916386,
        "sparse": 0.04733890391426767,
        "acyclic": 0.0001616209316706274,
        "disen": 0.07230195616165845
      },
      "train_loss_pct": {
        "recon": 0.6848160012539647,
        "sparse": 39.24352745454687,
        "acyclic": 0.1339823051402357,
        "disen": 59.93767423905893
      },
      "edge_logit_stats": {
        "mean": 6.852752267150208e-05,
        "std": 9.650275751482695e-05,
        "pct_positive": 68.59540794058513
      },
      "val_f1": 0.0,
      "val_shd": 1000000000.0,
      "edge_count_tuned": 0,
      "edge_count_05": 0,
      "edge_count_topk": 0,
      "grad_clip_ratio": 0.0024183796856106408,
      "learning_rate": 0.0004979887032076964,
      "best_threshold": 0.0,
      "epoch_time": 3.334200143814087
    },
    {
      "epoch": 6,
      "train_loss": 0.006235239429325045,
      "train_loss_components": {
        "recon": 0.0006234051996209695,
        "sparse": 0.047336960911858905,
        "acyclic": 0.00016229069648889663,
        "disen": 0.0713456481956441
      },
      "train_loss_pct": {
        "recon": 0.5218163927261854,
        "sparse": 39.623028811221005,
        "acyclic": 0.13584414417195317,
        "disen": 59.71931065188086
      },
      "edge_logit_stats": {
        "mean": -1.3727849363931455e-05,
        "std": 5.377918341764598e-07,
        "pct_positive": 0.0
      },
      "val_f1": 0.0,
      "val_shd": 1000000000.0,
      "edge_count_tuned": 0,
      "edge_count_05": 0,
      "edge_count_topk": 11,
      "grad_clip_ratio": 0.0024183796856106408,
      "learning_rate": 0.0004968597221690973,
      "best_threshold": 0.5,
      "epoch_time": 16.13033962249756
    },
    {
      "epoch": 7,
      "train_loss": 0.004937916596283846,
      "train_loss_components": {
        "recon": 0.0004936739690942485,
        "sparse": 0.04733695703341278,
        "acyclic": 0.00017942095952531653,
        "disen": 0.07028711007450772
      },
      "train_loss_pct": {
        "recon": 0.41731683211619286,
        "sparse": 40.01529387390643,
        "acyclic": 0.15166970740168417,
        "disen": 59.4157195865757
      },
      "edge_logit_stats": {
        "mean": -1.405217972205719e-05,
        "std": 3.010051443652628e-07,
        "pct_positive": 0.0
      },
      "val_f1": 0.0,
      "val_shd": 1000000000.0,
      "edge_count_tuned": 0,
      "edge_count_05": 0,
      "edge_count_topk": 0,
      "grad_clip_ratio": 0.0012091898428053204,
      "learning_rate": 0.0004954821743156746,
      "best_threshold": 0.5,
      "epoch_time": 3.266247510910034
    },
    {
      "epoch": 8,
      "train_loss": 0.003996602613749174,
      "train_loss_components": {
        "recon": 0.0003995437130095221,
        "sparse": 0.047336960407345585,
        "acyclic": 0.00015644302126688843,
        "disen": 0.06915900443186207
      },
      "train_loss_pct": {
        "recon": 0.34133878815227825,
        "sparse": 40.44098348725772,
        "acyclic": 0.13365263813536252,
        "disen": 59.084025086454645
      },
      "edge_logit_stats": {
        "mean": -1.4038844710739795e-05,
        "std": 4.623796314717765e-07,
        "pct_positive": 0.0
      },
      "val_f1": 0.13793103448275862,
      "val_shd": 23.0,
      "edge_count_tuned": 16,
      "edge_count_05": 0,