{
  "best_f1": 0.17647058509083047,
  "best_threshold": 0.1,
  "shd_best": 56,
  "auc_f1": 0.027639971220758234,
  "topk_f1": 0.07692307186390565,
  "topk_shd": 24,
  "topk_k": 13,
  "shd_03": 13,
  "a_max": 0.2547692060470581,
  "a_mean": 0.08812209218740463,
  "edges_above_03": 0,
  "edges_above_01": 55
}