{
  "early_stop_metric": "topk_f1",
  "best_epoch": 2,
  "lambda_inv": 10.0,
  "topk_f1": 0.1538461487278108,
  "topk_shd": 22,
  "topk_k": 13,
  "best_f1": 0.1904761855782314,
  "best_threshold": 0.25,
  "shd_best": 17,
  "auc_f1": 0.14433536427727017,
  "shd_03": 17,
  "a_max": 0.5589529275894165,
  "a_mean": 0.08803706616163254,
  "edges_above_03": 6,
  "edges_above_01": 47
}