{
  "early_stop_metric": "topk_f1",
  "best_epoch": 2,
  "lambda_inv": 10.0,
  "topk_f1": 0.1538461487278108,
  "topk_shd": 22,
  "topk_k": 13,
  "best_f1": 0.30303029807162535,
  "best_threshold": 0.2,
  "shd_best": 23,
  "auc_f1": 0.07757686945077091,
  "shd_03": 13,
  "a_max": 0.24177809059619904,
  "a_mean": 0.12766703963279724,
  "edges_above_03": 0,
  "edges_above_01": 109
}