{
  "best_f1": 0.18666666375111113,
  "best_threshold": 0.1,
  "shd_best": 61,
  "auc_f1": 0.029338623934324456,
  "topk_f1": 0.07692307186390565,
  "topk_shd": 24,
  "topk_k": 13,
  "shd_03": 13,
  "a_max": 0.26932868361473083,
  "a_mean": 0.09089741855859756,
  "edges_above_03": 0,
  "edges_above_01": 62
}