{
  "best_f1": 0.15476190331561793,
  "best_threshold": 0.05,
  "shd_best": 142,
  "auc_f1": 0.020807895452754185,
  "topk_f1": 0.0,
  "topk_shd": 26,
  "topk_k": 13,
  "shd_03": 13,
  "a_max": 0.19765739142894745,
  "a_mean": 0.09872621297836304,
  "edges_above_03": 0,
  "edges_above_01": 78
}