{
  "ground_truth": [
    {
      "Corruption": "compound_full",
      "RC-GNN_Edges": 25,
      "True_Edges": 13,
      "SHD": 55,
      "Skeleton_F1": 0.2988505746868807,
      "Skeleton_Precision": 0.175675675675557,
      "Skeleton_Recall": 0.999999999996154,
      "Directed_F1": 0.3037974683261657,
      "Directed_Precision": 0.18181818181790632,
      "Directed_Recall": 0.9230769230698225,
      "Disentanglement_Score": 0.3282268082430813,
      "Domain_Score": 0.25000000000625,
      "Expected_Edges_Found": 3,
      "Forbidden_Edges_Found": 1
    },
    {
      "Corruption": "compound_mnar_bias",
      "RC-GNN_Edges": 46,
      "True_Edges": 13,
      "SHD": 137,
      "Skeleton_F1": 0.28571428568948193,
      "Skeleton_Precision": 0.16666666666655985,
      "Skeleton_Recall": 0.999999999996154,
      "Directed_F1": 0.15950920243911326,
      "Directed_Precision": 0.0866666666666089,
      "Directed_Recall": 0.9999999999923077,
      "Disentanglement_Score": 1.2769071364414146,
      "Domain_Score": 2.5000002068509275e-11,
      "Expected_Edges_Found": 4,
      "Forbidden_Edges_Found": 2
    },
    {
      "Corruption": "extreme",
      "RC-GNN_Edges": 73,
      "True_Edges": 13,
      "SHD": 130,
      "Skeleton_F1": 0.28571428568948193,
      "Skeleton_Precision": 0.16666666666655985,
      "Skeleton_Recall": 0.999999999996154,
      "Directed_F1": 0.16666666665117522,
      "Directed_Precision": 0.09090909090902734,
      "Directed_Recall": 0.9999999999923077,
      "Disentanglement_Score": 0.1962880073894,
      "Domain_Score": 2.5000002068509275e-11,
      "Expected_Edges_Found": 4,
      "Forbidden_Edges_Found": 2
    },
    {
      "Corruption": "mcar_40",
      "RC-GNN_Edges": 48,
      "True_Edges": 13,
      "SHD": 138,
      "Skeleton_F1": 0.28571428568948193,
      "Skeleton_Precision": 0.16666666666655985,
      "Skeleton_Recall": 0.999999999996154,
      "Directed_F1": 0.15853658535106338,
      "Directed_Precision": 0.08609271523173107,
      "Directed_Recall": 0.9999999999923077,
      "Disentanglement_Score": 2.206458774524403,
      "Domain_Score": 2.5000002068509275e-11,
      "Expected_Edges_Found": 4,
      "Forbidden_Edges_Found": 2
    }
  ],
  "invariance": {
    "jaccard_similarity": 0.6892947555426795,
    "interpretation": "Edge consistency across corruption types"
  },
  "baseline_comparison": [
    {
      "Corruption": "compound_full",
      "Method": "RC-GNN (sparse)",
      "SHD": 10,
      "Skeleton_F1": 0.999999999946154,
      "Skeleton_Precision": 0.999999999996154,
      "Skeleton_Recall": 0.999999999996154,
      "Directed_F1": 0.6153846153298816,
      "Directed_Precision": 0.6153846153798816,
      "Directed_Recall": 0.6153846153798816,
      "Edges": 13
    },
    {
      "Corruption": "compound_full",
      "Method": "Correlation",
      "SHD": 39,
      "Skeleton_F1": 0.41025641021091386,
      "Skeleton_Precision": 0.30769230769171596,
      "Skeleton_Recall": 0.6153846153822485,
      "Directed_F1": 0.29090909087193384,
      "Directed_Precision": 0.19047619047573694,
      "Directed_Recall": 0.6153846153798816,
      "Edges": 156
    },
    {
      "Corruption": "compound_full",
      "Method": "NOTears-Lite",
      "SHD": 25,
      "Skeleton_F1": 0.272727272677686,
      "Skeleton_Precision": 0.3333333333314815,
      "Skeleton_Recall": 0.23076923076834321,
      "Directed_F1": 0.19354838704682623,
      "Directed_Precision": 0.16666666666574076,
      "Directed_Recall": 0.23076923076745562,
      "Edges": 18
    },
    {
      "Corruption": "compound_full",
      "Method": "NOTEARS",
      "SHD": 13,
      "Skeleton_F1": 0.352941176432526,
      "Skeleton_Precision": 0.749999999990625,
      "Skeleton_Recall": 0.23076923076834321,
      "Directed_F1": 0.13333333330844443,
      "Directed_Precision": 0.499999999975,
      "Directed_Recall": 0.0769230769224852,
      "Edges": 9
    },
    {
      "Corruption": "compound_full",
      "Method": "Granger",
      "SHD": 143,
      "Skeleton_F1": 0.28571428568948193,
      "Skeleton_Precision": 0.16666666666655985,
      "Skeleton_Recall": 0.999999999996154,
      "Directed_F1": 0.1538461538317706,
      "Directed_Precision": 0.08333333333327993,
      "Directed_Recall": 0.9999999999923077,
      "Edges": 156
    },
    {
      "Corruption": "compound_full",
      "Method": "PCMCI+",
      "SHD": 13,
      "Skeleton_F1": 0.0,
      "Skeleton_Precision": 0.0,
      "Skeleton_Recall": 0.0,
      "Directed_F1": 0.0,
      "Directed_Precision": 0.0,
      "Directed_Recall": 0.0,
      "Edges": 0
    },
    {
      "Corruption": "compound_full",
      "Method": "PC",
      "SHD": 13,
      "Skeleton_F1": 0.0,
      "Skeleton_Precision": 0.0,
      "Skeleton_Recall": 0.0,
      "Directed_F1": 0.0,
      "Directed_Precision": 0.0,
      "Directed_Recall": 0.0,
      "Edges": 0
    },
    {
      "Corruption": "compound_mnar_bias",
      "Method": "RC-GNN (sparse)",
      "SHD": 0,
      "Skeleton_F1": 0.999999999946154,
      "Skeleton_Precision": 0.999999999996154,
      "Skeleton_Recall": 0.999999999996154,
      "Directed_F1": 0.9999999999423077,
      "Directed_Precision": 0.9999999999923077,
      "Directed_Recall": 0.9999999999923077,
      "Edges": 13
    },
    {
      "Corruption": "compound_mnar_bias",
      "Method": "Correlation",
      "SHD": 109,
      "Skeleton_F1": 0.3209876542936443,
      "Skeleton_Precision": 0.19117647058809473,
      "Skeleton_Recall": 0.999999999996154,
      "Directed_F1": 0.18045112780163944,
      "Directed_Precision": 0.09999999999991667,
      "Directed_Recall": 0.9230769230698225,
      "Edges": 156
    },
    {
      "Corruption": "compound_mnar_bias",
      "Method": "NOTears-Lite",
      "SHD": 21,
      "Skeleton_F1": 0.4545454544950414,
      "Skeleton_Precision": 0.5555555555524692,
      "Skeleton_Recall": 0.3846153846139054,
      "Directed_F1": 0.3225806451105099,
      "Directed_Precision": 0.2777777777762346,
      "Directed_Recall": 0.38461538461242606,
      "Edges": 18
    },
    {
      "Corruption": "compound_mnar_bias",
      "Method": "NOTEARS",
      "SHD": 42,
      "Skeleton_F1": 0.36842105258559554,
      "Skeleton_Precision": 0.27999999999944,
      "Skeleton_Recall": 0.5384615384594675,
      "Directed_F1": 0.2499999999634566,
      "Directed_Precision": 0.16279069767404,
      "Directed_Recall": 0.5384615384573964,
      "Edges": 54
    },
    {
      "Corruption": "compound_mnar_bias",
      "Method": "Granger",
      "SHD": 143,
      "Skeleton_F1": 0.28571428568948193,
      "Skeleton_Precision": 0.16666666666655985,
      "Skeleton_Recall": 0.999999999996154,
      "Directed_F1": 0.1538461538317706,
      "Directed_Precision": 0.08333333333327993,
      "Directed_Recall": 0.9999999999923077,
      "Edges": 156
    },
    {
      "Corruption": "compound_mnar_bias",
      "Method": "PCMCI+",
      "SHD": 12,
      "Skeleton_F1": 0.14285714284285714,
      "Skeleton_Precision": 0.99999999995,
      "Skeleton_Recall": 0.07692307692278107,
      "Directed_F1": 0.14285714284183676,
      "Directed_Precision": 0.9999999999,
      "Directed_Recall": 0.0769230769224852,
      "Edges": 1
    },
    {
      "Corruption": "compound_mnar_bias",
      "Method": "PC",
      "SHD": 13,
      "Skeleton_F1": 0.0,
      "Skeleton_Precision": 0.0,
      "Skeleton_Recall": 0.0,
      "Directed_F1": 0.0,
      "Directed_Precision": 0.0,
      "Directed_Recall": 0.0,
      "Edges": 0
    },
    {
      "Corruption": "extreme",
      "Method": "RC-GNN (sparse)",
      "SHD": 0,
      "Skeleton_F1": 0.999999999946154,
      "Skeleton_Precision": 0.999999999996154,
      "Skeleton_Recall": 0.999999999996154,
      "Directed_F1": 0.9999999999423077,
      "Directed_Precision": 0.9999999999923077,
      "Directed_Recall": 0.9999999999923077,
      "Edges": 13
    },
    {
      "Corruption": "extreme",
      "Method": "Correlation",
      "SHD": 17,
      "Skeleton_F1": 0.44444444439286696,