{
  "config": {
    "epochs": 100,
    "batch_size": 8,
    "learning_rate_init": 3e-06,
    "learning_rate_max": 5e-05,
    "warmup_epochs": 5,
    "weight_decay": 1e-05,
    "device": "cpu",
    "seed": 1337,
    "verbose": true,
    "lambda_recon": 100.0,
    "lambda_sparse": 1e-06,
    "lambda_acyclic": 1e-07,
    "lambda_disen": 1e-06,
    "target_sparsity": 0.08,
    "grad_clip_norm": 0.5,
    "patience": 15,
    "eval_frequency": 2
  },
  "train_losses": [
    82.22413758412814,
    71.67275606591295,
    45.11246786613418,
    21.304339393883257,
    8.584388652188025,
    5.050670040561902,
    3.8618516803796807,
    3.0888830243171777,
    2.479259410821253,
    1.932311734813012,
    1.4680370557985687,
    1.0800008976690139,
    0.7935337012379172,
    0.6026802940841454,
    0.4744573489209905,
    0.3792065976068215,
    0.3037971307173317,
    0.24688986514074482,
    0.2056356230356529,
    0.17575449214520736,
    0.15359355105670505,
    0.13663355926864812,
    0.12334179074617223,
    0.11252813289863167,
    0.10339525059550243,
    0.09585846163233361,
    0.08907527272941988,
    0.08324354562228219,
    0.07813036199005945,
    0.07349452592585655,
    0.0692970311762416,
    0.06537034260300512,
    0.061910117849112996,
    0.05870899267071248,
    0.05562320665570095,
    0.0528259350498181,
    0.05013518311317555,
    0.047689164102419836,
    0.045429201055646955,
    0.04321937472925509,
    0.04123191948317919,
    0.03933147208803438,
    0.037459418639324456,
    0.03577995443313485,
    0.034241720858371245,
    0.03271227983809656
  ],
  "val_shd": [
    1000000000.0,
    59.0,
    1000000000.0,
    60.0,
    1000000000.0,
    59.0,
    1000000000.0,
    58.0,
    1000000000.0,
    58.0,
    1000000000.0,
    18.0,
    1000000000.0,
    14.0,
    1000000000.0,
    13.0,
    1000000000.0,
    13.0,
    1000000000.0,
    13.0,
    1000000000.0,
    13.0,
    1000000000.0,
    13.0,
    1000000000.0,
    13.0,
    1000000000.0,
    13.0,
    1000000000.0,
    13.0,
    1000000000.0,
    13.0,
    1000000000.0,
    13.0,
    1000000000.0,
    13.0,
    1000000000.0,
    13.0,
    1000000000.0,
    13.0,
    1000000000.0,
    13.0,
    1000000000.0,
    13.0,
    1000000000.0,
    13.0
  ],
  "val_f1": [
    0.0,
    0.13333333333333333,
    0.0,
    0.13186813186813184,
    0.0,
    0.13333333333333333,
    0.0,
    0.13636363636363638,
    0.0,
    0.13636363636363638,
    0.0,
    0.1,
    0.0,
    0.0,
    0.0,
    0.0,
    0.0,
    0.0,
    0.0,
    0.0,
    0.0,
    0.0,
    0.0,
    0.0,
    0.0,
    0.0,
    0.0,
    0.0,
    0.0,
    0.0,
    0.0,
    0.0,
    0.0,
    0.0,
    0.0,
    0.0,
    0.0,
    0.0,
    0.0,
    0.0,
    0.0,
    0.0,
    0.0,
    0.0,
    0.0,
    0.0
  ],
  "epoch_times": [
    7.606826305389404,
    8.66293215751648,
    7.345094442367554,
    9.061259746551514,
    7.949524402618408,
    8.453047752380371,
    7.401610612869263,
    8.468549966812134,
    9.601035833358765,
    8.19605803489685,
    8.602875232696533,
    9.147924184799194,
    7.628978967666626,
    8.147752046585083,
    7.700957298278809,
    8.877064943313599,
    7.377867221832275,
    10.742525577545166,
    9.870101928710938,
    8.695196628570557,
    6.660879611968994,
    6.287101984024048,
    5.7090904712677,
    6.363304376602173,
    5.671802759170532,
    6.879765748977661,
    5.539017200469971,
    6.478736400604248,
    5.546223163604736,
    6.196276664733887,
    5.525324106216431,
    6.804468393325806,
    6.146704196929932,
    9.998558282852173,
    6.61827826499939,
    7.674033880233765,
    6.108693599700928,
    6.992033958435059,
    6.195253849029541,
    6.525947093963623,
    5.596830368041992,
    6.389709234237671,
    5.601080656051636,
    6.429017066955566,
    6.0884764194488525,
    7.078009366989136
  ],
  "total_time": 336.6561233997345,
  "best_shd": 13.0,
  "final_epoch": 46
}